age,sex,bmi,children,smoker,region,expenses
18,female,28.2,0,no,northeast,2200.83
39,female,32.8,0,no,southwest,5649.72
52,female,46.8,5,no,southeast,12592.53
44,female,26.4,0,no,northwest,7419.48
33,male,27.5,2,no,northwest,5261.47
19,female,29.8,0,no,southwest,1744.47
19,female,32.5,0,yes,northwest,36898.73
61,male,33.9,0,no,northeast,13143.86
41,female,36.1,1,no,southeast,6781.35
62,male,38.8,0,no,southeast,12981.35
47,female,36.0,1,no,southwest,8556.91
54,female,24.6,3,no,northwest,12479.71
63,female,37.7,0,yes,southwest,48824.45
22,male,34.8,3,no,southwest,3443.06
45,female,38.3,0,no,northeast,7935.29
21,male,31.0,0,no,southeast,16586.5
59,female,32.4,3,no,northeast,14590.63
21,male,35.5,0,no,southeast,1532.47
38,female,19.5,2,no,northwest,6933.24
18,female,40.2,0,no,northeast,2217.47
58,female,39.1,0,no,southeast,11856.41
37,male,36.2,0,no,southeast,19214.71
57,male,18.3,0,no,northeast,11534.87
48,female,33.1,0,yes,southeast,40974.16
36,female,29.9,0,no,southeast,4889.04
22,female,30.4,0,yes,northwest,33907.55
33,female,19.1,2,yes,northeast,16776.3
57,male,40.4,0,no,southeast,10982.5
46,female,27.7,0,no,northwest,8026.67
22,male,52.6,1,yes,southeast,44501.4
48,female,31.1,0,no,southeast,8280.62
29,female,26.0,0,no,northwest,3736.46
50,male,44.8,1,no,southeast,9058.73
43,male,20.1,2,yes,southeast,18767.74
29,male,34.4,0,yes,southwest,36197.7
29,female,27.9,1,yes,southeast,19107.78
50,female,27.4,0,no,northeast,25656.58
40,male,32.8,1,yes,northeast,39125.33
25,male,26.8,3,no,southwest,3906.13
20,female,26.8,1,yes,southeast,17085.27
25,female,34.5,0,no,northwest,3021.81
19,female,34.7,2,yes,southwest,36397.58
28,male,33.0,3,no,southeast,4449.46
52,female,38.4,2,no,northeast,11396.9
18,female,31.4,0,no,southeast,1622.19
50,male,32.3,1,yes,northeast,41919.1
46,male,43.9,3,no,southeast,8944.12
25,female,24.3,3,no,southwest,4391.65
22,male,20.0,3,no,northeast,4005.42
47,female,29.5,1,no,northwest,8930.93
48,female,27.3,1,no,northeast,9447.25
45,female,35.8,0,no,northwest,7731.86
57,male,43.7,1,no,southwest,11576.13
31,female,26.6,0,no,southeast,3757.84
22,female,27.1,0,no,southwest,2154.36
20,female,31.8,2,no,southeast,3056.39
27,female,31.3,1,no,northwest,3956.07
46,male,19.9,0,no,northwest,7526.71
19,female,33.1,0,yes,southeast,34439.86
59,male,31.8,2,no,southeast,12928.79
44,male,38.1,1,no,southeast,7152.67
47,female,24.1,1,no,southwest,26236.58
58,male,34.4,0,no,northwest,11743.93
20,male,29.7,0,no,northwest,1769.53
54,male,33.6,1,no,northwest,10825.25
55,male,29.0,0,no,northeast,10796.35
22,female,21.3,3,no,northwest,4296.27
19,male,25.2,0,no,northwest,1632.04
47,male,38.9,2,yes,southeast,44202.65
44,female,25.0,1,no,southwest,7623.52
45,female,27.6,1,no,northwest,28340.19
25,female,22.5,1,no,northwest,3594.17
61,female,25.1,0,no,southeast,24513.09
38,male,31.0,1,no,southwest,5488.26
58,female,29.0,0,no,southwest,11842.44
19,female,28.9,0,yes,northwest,17748.51
25,female,30.2,0,yes,southwest,33900.65
49,female,22.6,1,no,northwest,9566.99
42,female,25.0,2,no,northwest,8017.06
18,male,23.3,1,no,southeast,1711.03
31,male,25.9,1,no,northwest,4239.89
44,male,22.1,2,no,northeast,8302.54
19,female,32.1,0,no,northwest,2130.68
51,female,21.6,1,no,southeast,9855.13
19,female,28.9,0,no,southwest,1743.21
26,female,29.5,1,no,southeast,3392.37
39,male,35.3,2,yes,southwest,40103.89
43,male,23.2,0,no,southwest,6250.44
41,male,37.1,2,no,northwest,7265.7
32,female,41.1,0,no,southwest,3989.84
53,male,20.9,0,yes,southeast,21195.82
47,male,28.2,4,no,northeast,10407.09
44,female,36.5,0,no,northeast,12797.21
31,female,25.8,2,no,southwest,4934.71
39,male,26.2,1,no,northwest,6123.57
20,male,30.1,5,no,northeast,4915.06
21,male,36.9,0,no,southeast,1534.3
49,male,28.7,1,no,southwest,8703.46
46,female,23.7,1,yes,northwest,21677.28
35,male,17.9,1,no,northwest,5116.5
44,female,43.9,2,yes,southeast,46200.99
51,male,27.7,1,no,northeast,9957.72
41,female,32.2,1,no,southwest,6775.96
24,female,26.6,0,no,northeast,3046.06
33,female,42.9,3,no,northwest,6360.99
19,male,44.9,0,yes,southeast,39722.75
21,male,29.0,0,no,northwest,1906.36
34,male,27.0,2,no,southwest,11737.85
50,male,32.2,0,no,northwest,8835.26
45,female,30.9,2,no,southwest,8520.03
18,female,40.3,0,no,northeast,2217.6
58,male,30.3,0,no,northeast,11938.26
55,female,25.4,3,no,northeast,13047.33
22,male,35.6,0,yes,southwest,35585.58
59,male,25.5,0,no,northwest,12124.99
42,female,36.2,1,no,northwest,7443.64
63,male,33.1,0,no,southwest,13393.76
63,female,25.1,0,no,northwest,14254.61
18,male,38.2,0,yes,southeast,36307.8
44,female,37.0,1,no,northwest,8023.14
57,male,31.5,0,no,northwest,11353.23
53,female,38.1,3,no,southeast,20463.0
30,male,25.5,0,no,northeast,3645.09
22,female,31.0,3,yes,southeast,35595.59
32,male,37.2,2,no,southeast,4673.39
31,male,29.8,0,yes,southeast,19350.37
43,male,35.3,2,no,southeast,18806.15
36,male,29.7,0,no,southeast,4399.73
51,male,33.3,3,no,southeast,10560.49
53,female,39.6,1,no,southeast,10579.71
38,female,37.7,0,no,southeast,5397.62
20,male,27.9,0,no,northeast,1967.02
18,male,41.1,0,no,southeast,1146.8
19,male,30.6,0,no,northwest,1639.56
25,female,34.0,1,no,southeast,3227.12
19,female,20.6,0,no,southwest,1731.68
56,female,32.3,3,no,northeast,13430.27
25,female,28.6,0,no,northeast,3213.62
45,female,35.3,0,no,southwest,7348.14
50,male,37.1,1,no,southeast,9048.03
59,male,26.4,0,no,southeast,11743.3
41,female,33.0,0,no,northwest,6571.02
61,male,31.6,0,no,southeast,12557.61
18,female,25.1,0,no,northeast,2196.47
51,male,31.6,0,no,northwest,9174.14
29,female,38.8,3,no,southeast,5138.26
44,female,27.6,0,no,northwest,7421.19
56,male,36.1,3,no,southwest,12363.55
57,female,30.5,0,no,northwest,11840.78
30,male,28.7,3,yes,northwest,20745.99
61,female,44.0,0,no,southwest,13063.88
47,male,32.3,1,no,southwest,8062.76
41,male,30.6,2,no,northwest,7256.72
48,female,35.9,1,no,northeast,26392.26
34,female,26.4,1,no,northwest,5385.34
48,female,41.2,4,no,northwest,11033.66
40,female,25.5,1,no,northeast,7077.19
36,female,25.8,0,no,northwest,5266.37
43,female,24.7,2,yes,northwest,21880.82
55,female,37.1,0,no,southwest,10713.64
52,female,37.4,0,no,southwest,9634.54
59,male,25.5,1,no,northeast,12913.99
49,male,32.3,3,no,northwest,10269.46
35,male,24.1,1,no,northwest,5125.22
26,male,23.7,2,no,southwest,3484.33
25,male,23.9,5,no,southwest,5080.1
35,female,23.5,2,no,northeast,6402.29
18,male,23.1,0,no,northeast,1704.7
36,female,29.0,4,no,southeast,7243.81
26,female,40.2,0,no,northwest,3201.25
36,female,26.9,0,no,northwest,5267.82
58,female,36.5,0,no,northwest,12235.84
30,female,27.7,0,no,southwest,3554.2
28,female,37.6,1,no,southeast,3766.88
18,female,37.3,1,no,southeast,2219.45
26,male,20.8,0,no,southwest,2302.3
31,female,31.1,0,no,northeast,4347.02
29,male,29.7,2,no,northwest,18157.88
23,female,24.2,2,no,northeast,22395.74
30,male,35.5,0,yes,southeast,36950.26
62,male,21.4,0,no,southwest,12957.12
51,female,34.2,1,no,southwest,9872.7
55,female,35.2,0,yes,southeast,44423.8
18,female,40.3,0,no,southeast,1634.57
58,female,33.0,0,no,northeast,12430.95
18,female,26.7,0,no,southeast,1615.77
32,male,30.8,3,no,southwest,5253.52
18,male,27.4,1,yes,northeast,17178.68
50,female,27.1,1,no,northeast,10106.13
35,female,26.1,0,no,northeast,5227.99
61,female,35.9,0,no,northeast,13635.64
53,male,21.4,1,no,southwest,10065.41
41,male,30.8,3,yes,northeast,39597.41
64,male,24.7,1,no,northwest,30166.62
37,female,34.1,1,no,northwest,6112.35
56,female,26.6,1,no,northwest,12044.34
40,female,22.2,2,yes,southeast,19444.27
18,female,38.3,0,no,southeast,1631.82
45,male,24.0,2,no,northeast,8604.48
32,female,44.2,0,no,southeast,3994.18
18,female,31.1,0,no,southeast,1621.88
52,female,25.3,2,yes,southeast,24667.42
19,female,30.0,0,yes,northwest,33307.55
55,male,33.0,0,no,southeast,20781.49
34,male,32.8,1,no,southwest,14358.36
37,male,22.7,3,no,northeast,6985.51
52,male,27.4,0,yes,northwest,24393.62
52,male,24.3,3,yes,northeast,24869.84
46,female,33.4,1,no,southeast,8240.59
40,male,19.8,1,yes,southeast,17179.52
35,male,36.7,1,yes,northeast,39774.28
28,female,26.5,2,no,southeast,4340.44
49,male,25.8,2,yes,northwest,23807.24
49,female,27.2,0,no,southeast,8601.33
47,female,27.6,2,yes,northwest,24535.7
20,male,28.0,1,yes,northwest,17560.38
59,female,31.4,0,no,northwest,12622.18
48,male,34.3,3,no,southwest,9563.03
27,female,30.6,1,no,northeast,16796.41
60,female,36.0,0,no,northeast,13228.85
55,female,26.8,1,no,southwest,35160.13
18,female,35.6,0,no,northeast,2211.13
54,male,39.6,1,no,southwest,10450.55
52,female,44.7,3,no,southwest,11411.69
18,female,30.3,0,no,northeast,2203.74
37,female,29.5,2,no,southwest,6311.95
53,female,22.6,3,yes,northeast,24873.38
18,male,16.0,0,no,northeast,1694.8
24,female,34.0,0,no,southeast,2473.33
48,female,27.9,4,no,northwest,11015.17
61,male,33.5,0,no,northeast,13143.34
33,male,33.4,5,no,southeast,6653.79
18,male,23.2,0,no,southeast,1121.87
52,male,34.5,3,yes,northwest,60021.4
20,male,33.0,1,no,southwest,1980.07
49,female,41.5,4,no,southeast,10977.21
28,female,27.5,2,no,southwest,20177.67
27,male,23.1,0,no,southeast,2483.74
34,male,42.9,1,no,southwest,4536.26
52,male,26.4,3,no,southeast,25992.82
64,female,30.1,3,no,northwest,16455.71
32,female,33.2,3,no,northwest,6128.8
61,male,35.9,0,yes,southeast,46599.11
44,male,29.7,2,no,northeast,32108.66
56,female,28.6,0,no,northeast,11658.12
23,male,34.4,0,no,southwest,1826.84
51,female,33.9,0,no,northeast,9866.3
29,male,22.9,0,yes,northeast,16138.76
40,female,36.2,0,no,southeast,5920.1
21,female,39.5,0,no,southeast,2026.97
39,female,34.1,3,no,southwest,7418.52
27,female,18.0,2,yes,northeast,15006.58
42,female,33.2,1,no,northeast,7639.42
51,male,24.4,4,no,northwest,11520.1
45,female,25.2,2,no,northeast,9095.07
57,female,38.0,2,no,southwest,12646.21
31,female,21.8,0,no,northwest,4134.08
19,male,17.5,0,no,northwest,1621.34
21,male,23.2,0,no,southeast,1515.34
27,male,31.1,1,yes,southeast,34806.47
41,male,21.8,1,no,southeast,6272.48
63,female,31.8,0,no,southwest,13880.95
29,female,25.9,0,no,southwest,3353.28
46,female,34.6,1,yes,southwest,41661.6
19,female,32.9,0,no,southwest,1748.77
42,female,29.5,2,no,southeast,7640.31
44,male,21.9,3,no,northeast,8891.14
58,male,35.7,0,no,southwest,11362.76
46,male,26.6,1,no,southeast,7742.11
19,female,18.6,0,no,southwest,1728.9
31,male,28.5,5,no,northeast,6799.46
54,female,32.7,0,no,northeast,10923.93
41,female,33.2,3,no,northeast,8538.29
23,male,35.2,1,no,southwest,2416.96
24,male,29.8,0,yes,northeast,18648.42
61,male,43.4,0,no,southwest,12574.05
58,male,49.1,0,no,southeast,11381.33
22,female,28.8,0,no,southeast,2156.75
29,female,29.6,1,no,southeast,3947.41
60,female,24.5,0,no,southeast,12629.9
20,male,40.5,0,no,northeast,1984.45
29,male,38.9,1,no,southeast,3471.41
33,male,24.6,2,no,northwest,5257.51
61,female,31.2,0,no,northwest,13429.04
22,male,26.8,0,no,southeast,1665.0
49,female,21.3,1,no,southwest,9182.17
18,female,32.1,2,no,southeast,2801.26
18,male,26.2,2,no,southeast,2304.0
39,female,31.9,2,no,northwest,7209.49
32,male,30.0,1,no,southeast,4074.45
19,female,24.5,1,no,northwest,2709.11
57,female,25.7,2,no,southeast,12629.17
51,male,25.4,0,no,southwest,8782.47
59,female,36.8,1,yes,northeast,47896.79
53,male,36.1,1,no,southwest,10085.85
42,male,26.1,1,yes,southeast,38245.59
18,male,25.2,0,yes,northeast,15518.18
62,male,27.6,1,no,northwest,13937.67
41,female,28.1,1,no,southeast,6770.19
31,female,23.6,2,no,southwest,4931.65
18,female,38.7,2,no,northeast,3393.36
49,male,22.5,0,no,northeast,8688.86
62,female,38.1,2,no,northeast,15230.32
34,female,27.7,0,no,southeast,4415.16
19,female,25.7,1,no,northwest,2710.83
26,male,29.5,0,no,northeast,2897.32
54,male,29.2,1,no,southwest,10436.1
31,female,29.1,0,no,southwest,3761.29
60,female,18.3,0,no,northeast,13204.29
48,male,30.2,2,no,southwest,8968.33
40,male,34.1,1,no,northeast,6600.21
59,female,27.5,0,no,southwest,12233.83
64,female,23.0,0,yes,southeast,27037.91
57,female,23.2,0,no,northwest,11830.61
56,female,25.7,0,no,northwest,11454.02
33,male,27.1,1,yes,southwest,19040.88
23,male,23.8,0,no,northeast,2395.17
19,female,23.4,2,no,southwest,2913.57
44,female,32.3,1,no,southeast,7633.72
18,male,37.3,0,no,southeast,1141.45
35,female,27.7,3,no,southwest,6414.18
18,male,33.3,0,no,southeast,1135.94
34,female,29.3,3,no,southeast,6184.3
20,female,21.8,0,yes,southwest,20167.34
49,male,35.9,0,no,southeast,8124.41
31,female,29.3,1,no,southeast,4350.51
30,male,24.1,1,no,northwest,4032.24
63,male,41.5,0,no,southeast,13405.39
23,female,39.3,2,no,southeast,3500.61
21,female,25.8,0,no,southwest,2007.95
19,male,25.6,0,no,northwest,1632.56
39,female,23.9,5,no,southeast,8582.3
50,male,25.3,0,no,southeast,8442.67
22,female,39.8,0,no,northeast,2755.02
41,male,33.6,0,no,southeast,5699.84
33,male,35.8,2,no,southeast,4890.0
43,female,34.4,3,no,southwest,8522.0
47,male,36.2,0,yes,southeast,41676.08
24,female,30.2,3,no,northwest,4618.08
19,male,34.4,0,no,southwest,1261.86
53,female,26.7,2,no,southwest,11150.78
37,female,23.4,2,no,northwest,6686.43
38,female,27.8,2,no,northeast,7144.86
48,male,29.6,0,no,southwest,21232.18
47,male,25.5,2,no,northeast,9225.26
27,male,45.9,2,no,southwest,3693.43
30,female,32.4,1,no,southwest,4149.74
45,female,31.8,0,no,southeast,17929.3
24,male,32.7,0,yes,southwest,34472.84
18,male,17.3,2,yes,northeast,12829.46
40,male,35.3,3,no,southwest,7196.87
31,male,39.5,1,no,southeast,3875.73
19,male,20.4,0,no,northwest,1625.43
21,female,21.9,1,yes,northeast,15359.1
29,female,31.2,0,no,northeast,3943.6
21,male,23.8,2,no,northwest,3077.1
28,female,33.1,0,no,southeast,3171.61
33,male,24.8,0,yes,northeast,17904.53
63,male,33.7,3,no,southeast,15161.53
63,male,35.1,0,yes,southeast,47055.53
61,female,33.3,4,no,southeast,36580.28
62,male,31.5,1,no,southeast,27000.98
20,female,33.0,0,no,southeast,1880.07
19,female,28.3,0,yes,northwest,17468.98
33,male,42.5,1,no,southeast,11326.71
37,male,46.5,3,no,southeast,6435.62
39,male,45.4,2,no,southeast,6356.27
19,male,35.4,0,no,southwest,1263.25
49,male,30.3,0,no,southwest,8116.68
60,male,31.4,3,yes,northwest,46130.53
19,male,29.1,0,yes,northwest,17352.68
21,female,34.9,0,no,southeast,2020.55
62,female,33.2,0,no,southwest,13462.52
33,male,35.8,1,yes,southeast,38282.75
36,female,27.7,0,no,northeast,5469.01
30,female,23.7,3,yes,northwest,18765.88
26,female,29.6,4,no,northeast,24671.66
44,male,37.1,2,no,southwest,7740.34
45,male,23.6,2,no,northeast,8603.82
44,male,39.5,0,no,northwest,6948.7
24,female,29.9,0,no,northwest,2850.68
59,male,28.8,0,no,northwest,12129.61
54,female,31.9,3,no,southeast,27322.73
26,female,28.8,0,no,northeast,3385.4
55,female,30.1,2,no,southeast,11881.97
61,female,39.1,2,no,southwest,14235.07
25,male,24.1,0,yes,northwest,15817.99
59,female,26.7,3,no,northwest,14382.71
30,male,24.4,3,yes,southwest,18259.22
23,female,28.5,1,yes,southeast,18328.24
36,male,28.9,3,no,northeast,6748.59
51,female,34.1,0,no,southeast,9283.56
42,female,40.4,2,yes,southeast,43896.38
54,female,31.2,0,no,southeast,10338.93
46,female,28.9,2,no,southwest,8823.28
53,male,28.6,3,no,southwest,11253.42
43,female,35.6,1,no,southeast,7345.73
41,female,31.6,0,no,southwest,6186.13
26,male,27.3,3,no,northeast,4661.29
24,female,23.2,0,no,southeast,25081.77
27,male,29.2,0,yes,southeast,18246.5
43,female,35.7,2,no,northeast,19144.58
52,male,32.2,3,no,northeast,11488.32
19,male,20.3,0,no,southwest,1242.26
34,female,33.7,1,no,southwest,5012.47
19,female,37.4,0,no,northwest,2138.07
56,male,34.4,0,no,southeast,10594.23
41,female,33.1,2,no,northwest,7749.16
41,female,28.3,1,no,northwest,7153.55
32,male,33.6,1,yes,northeast,37607.53
51,female,25.8,1,no,southwest,9861.03
21,male,31.1,0,no,southwest,1526.31
54,male,30.0,0,no,northwest,24476.48
53,male,26.4,2,no,northeast,11244.38
35,female,31.0,1,no,southwest,5240.77
60,female,35.1,0,no,southwest,12644.59
54,male,24.0,0,no,northeast,10422.92
46,female,32.3,2,no,northeast,9411.01
33,male,42.4,5,no,southwest,6666.24
34,female,27.5,1,no,southwest,5003.85
20,female,31.5,0,no,southeast,1877.93
64,male,37.0,2,yes,southeast,49577.66
64,male,26.4,0,no,northeast,14394.56
54,female,35.8,3,no,northwest,12495.29
36,male,34.4,2,no,southeast,5584.31
21,female,33.6,2,no,northwest,3579.83
56,female,25.3,0,no,southwest,11070.54
18,female,38.3,0,no,southeast,14133.04
40,female,29.3,4,no,southwest,15828.82
49,female,36.6,3,no,southeast,10381.48
18,male,34.1,0,no,southeast,1137.01
20,male,33.3,0,no,southeast,1391.53
46,female,28.1,1,no,southeast,8233.1
26,female,29.9,1,no,southeast,3392.98
33,female,28.3,1,no,southeast,4779.6
52,female,23.2,0,no,northeast,10197.77
18,male,39.1,0,no,northeast,12890.06
29,female,21.9,0,yes,northeast,16115.3
19,female,35.2,0,no,northwest,2134.9
28,female,28.9,1,no,northeast,4337.74
32,male,27.8,1,no,northwest,4454.4
45,male,28.7,2,no,southwest,8027.97
20,male,35.3,1,no,southeast,27724.29
53,male,41.5,0,no,southeast,9504.31
55,female,40.8,3,no,southeast,12485.8
23,female,28.3,0,yes,northwest,18033.97
36,male,41.9,3,yes,northeast,43753.34
31,male,20.4,0,no,southwest,3260.2
51,female,38.1,0,yes,southeast,44400.41
24,male,26.8,1,no,northwest,12609.89
47,male,47.5,1,no,southeast,8083.92
36,female,30.0,0,no,northwest,5272.18
32,male,31.5,1,no,southwest,4076.5
33,female,33.5,0,yes,southwest,37079.37
53,female,35.9,2,no,southwest,11163.57
50,female,30.1,1,no,northwest,9910.36
35,female,34.8,1,no,southwest,5246.05
21,male,27.4,0,no,northeast,2104.11
64,female,31.8,2,no,northeast,16069.08
36,male,28.0,1,yes,northeast,20773.63
21,female,16.8,1,no,northeast,3167.46
42,male,31.3,0,no,northwest,6358.78
18,male,53.1,0,no,southeast,1163.46
55,male,21.5,1,no,southwest,10791.96
51,female,36.7,2,no,northwest,10848.13
30,male,27.6,1,no,northeast,4237.13
34,female,23.6,0,no,northeast,4992.38
54,female,30.8,3,no,southwest,12105.32
27,female,20.0,3,yes,northwest,16420.49
64,male,38.2,0,no,northeast,14410.93
23,male,31.7,3,yes,northeast,36189.1
62,female,39.2,0,no,southwest,13470.86
44,male,27.4,2,no,southwest,7726.85
55,female,27.0,0,no,northwest,11082.58
47,female,45.3,1,no,southeast,8569.86
47,male,36.2,1,no,southwest,8068.19
63,female,21.7,0,no,northeast,14449.85
19,female,27.9,0,yes,southwest,16884.92
35,female,34.1,3,yes,northwest,39983.43
53,male,24.3,0,no,northwest,9863.47
48,male,31.4,1,no,northeast,8964.06
24,male,28.5,0,yes,northeast,35147.53
25,female,30.3,0,no,southwest,2632.99
31,male,30.9,0,no,northeast,3857.76
26,male,30.9,2,no,northwest,3877.3
46,male,33.3,1,no,northeast,8334.46
53,female,36.9,3,yes,northwest,46661.44
49,male,30.9,0,yes,southwest,39727.61
19,male,34.8,0,yes,southwest,34779.62
58,male,36.1,0,no,southeast,11363.28
45,male,36.5,2,yes,northwest,42760.5
60,male,40.9,0,yes,southeast,48673.56
18,female,30.1,0,no,northeast,21344.85
26,male,27.1,0,yes,southeast,17043.34
30,male,31.4,1,no,southwest,3659.35
61,male,28.3,1,yes,northwest,28868.66
34,female,26.7,1,no,southeast,5002.78
49,male,28.7,3,no,northwest,10264.44
22,female,28.1,0,no,southeast,2155.68
46,female,35.5,0,yes,northeast,42111.66
60,female,38.1,0,no,southeast,12648.7
39,female,26.3,2,no,northwest,7201.7
54,female,28.9,2,no,northeast,12096.65
33,female,26.7,0,no,northwest,4571.41
49,male,29.8,1,no,northeast,9288.03
25,male,33.3,2,yes,southeast,36124.57
36,male,28.6,3,no,northwest,6548.2
19,male,26.0,1,yes,northwest,16450.89
49,female,30.8,1,no,northeast,9778.35
19,male,20.9,1,no,southwest,1832.09
37,female,38.4,0,yes,southeast,40419.02
63,female,23.1,0,no,northeast,14451.84
36,male,31.5,0,no,southwest,4402.23
52,female,31.2,0,no,southwest,9625.92
36,female,22.6,2,yes,southwest,18608.26
42,male,35.8,2,no,southwest,7160.09
21,female,17.4,1,no,southwest,2585.27
21,female,34.6,0,no,southwest,2020.18
39,female,24.2,5,no,northwest,8965.8
33,male,22.7,0,no,northwest,21984.47
20,female,28.8,0,no,northeast,2457.21
56,female,28.3,0,no,northeast,11657.72
46,male,27.6,0,no,southwest,24603.05
25,male,45.5,2,yes,southeast,42112.24
56,male,33.7,0,no,northwest,10976.25
20,female,30.6,0,no,northeast,2459.72
33,male,30.3,0,no,southeast,3704.35
42,male,24.6,2,yes,northeast,21259.38
53,male,29.5,0,no,southeast,9487.64
19,male,25.6,1,no,northwest,2221.56
56,male,31.8,2,yes,southeast,43813.87
41,female,31.6,1,no,northeast,7358.18
51,female,35.0,2,yes,northeast,44641.2
23,female,35.0,3,no,northwest,4466.62
55,male,33.9,3,no,southeast,11987.17
28,male,38.1,0,no,southeast,2689.5
23,female,32.8,2,yes,southeast,36021.01
18,male,30.4,3,no,northeast,3481.87
52,male,47.7,1,no,southeast,9748.91
53,male,30.5,0,no,northeast,10072.06
46,female,27.7,1,no,southeast,8232.64
63,female,27.0,0,yes,northwest,28950.47
52,male,32.8,3,no,northwest,11289.11
64,female,39.1,3,no,southeast,16085.13
55,male,37.7,3,no,northwest,30063.58
46,male,42.4,3,yes,southeast,46151.12
32,male,46.5,2,no,southeast,4686.39
43,female,26.9,0,yes,northwest,21774.32
57,female,20.1,1,no,southwest,12032.33
28,female,25.9,1,no,northwest,4133.64
42,male,34.1,0,no,southwest,5979.73
54,female,31.9,1,no,southeast,10928.85
48,female,32.3,2,no,northeast,10043.25
31,male,38.4,2,no,southeast,4463.21
49,female,42.7,2,no,southeast,9800.89
19,male,22.6,0,no,northwest,1628.47
37,male,30.8,0,no,southwest,4646.76
55,female,30.5,0,no,southwest,10704.47
26,male,30.0,1,no,southwest,2904.09
59,male,29.7,2,no,southeast,12925.89
31,female,38.1,1,yes,northeast,58571.07
46,female,30.8,3,no,southwest,9414.92
19,female,28.3,0,yes,southwest,17081.08
19,male,31.9,0,yes,northwest,33750.29
52,male,38.6,2,no,southwest,10325.21
53,female,37.4,1,no,northwest,10959.69
53,male,36.6,3,no,southwest,11264.54
24,female,39.5,0,no,southeast,2480.98
39,female,24.9,3,yes,northeast,21659.93
61,male,32.3,2,no,northwest,14119.62
43,female,20.0,2,yes,northeast,19798.05
27,female,34.8,1,no,southwest,3578.0
22,male,25.2,0,no,northwest,2045.69
20,male,39.4,2,yes,southwest,38344.57
37,female,27.7,3,no,northwest,7281.51
51,male,23.2,1,yes,southeast,22218.11
49,female,23.8,3,yes,northeast,24106.91
37,male,34.2,1,yes,northeast,39047.29
24,male,29.3,0,no,southwest,1977.82
52,female,24.9,0,no,southeast,27117.99
57,female,22.2,0,no,northeast,12029.29
41,male,34.2,1,no,southeast,6289.75
31,male,36.3,2,yes,southwest,38711.0
44,female,20.2,1,yes,northeast,19594.81
47,female,23.6,1,no,southwest,8539.67
43,male,27.8,0,yes,southwest,37829.72
47,male,29.8,3,no,northwest,9620.33
33,male,35.2,0,no,northeast,12404.88
29,male,22.5,3,no,northeast,5209.58
42,female,23.4,0,yes,northeast,19964.75
38,female,40.6,1,no,northwest,6373.56
63,female,36.3,0,no,southeast,13887.2
63,male,36.8,0,no,northeast,13981.85
29,male,33.3,2,no,northwest,19442.35
18,female,33.2,0,no,northeast,2207.7
32,male,28.9,0,no,northwest,3866.86
40,female,28.1,1,yes,northeast,22331.57
32,female,29.7,0,no,northwest,4357.04
41,female,21.8,1,no,northeast,13725.47
58,male,25.2,0,no,northeast,11931.13
58,female,31.8,2,no,northeast,13607.37
51,female,20.6,0,no,southwest,9264.8
30,female,43.1,2,no,southeast,4753.64
63,female,35.2,1,no,southeast,14474.68
47,female,33.3,0,no,northeast,20878.78
28,female,24.3,1,no,northeast,23288.93
29,female,25.6,4,no,southwest,5708.87
28,male,31.7,0,yes,southeast,34672.15
64,male,23.8,0,yes,southeast,26926.51
47,female,32.0,1,no,southwest,8551.35
40,male,32.3,2,no,northwest,6986.7
44,female,25.8,1,no,southwest,7624.63
23,male,50.4,1,no,southeast,2438.06
38,female,28.9,1,no,southeast,5974.38
64,male,40.5,0,no,southeast,13831.12
22,male,37.1,2,yes,southeast,37484.45
51,female,40.7,0,no,northeast,9875.68
49,male,36.9,0,no,southeast,8125.78
19,female,24.6,1,no,northwest,2709.24
56,female,39.8,0,no,southeast,11090.72
18,male,28.5,0,no,northeast,1712.23
49,female,23.2,2,no,northwest,10156.78
63,male,30.8,0,no,southwest,13390.56
62,female,32.7,0,no,northwest,13844.8
33,male,29.4,4,no,southwest,6059.17
56,female,35.8,1,no,southwest,11674.13
32,female,29.8,2,no,southwest,5152.13
60,male,25.7,0,no,southeast,12142.58
34,female,37.3,2,no,northwest,5989.52
28,male,24.3,5,no,southwest,5615.37
35,male,38.6,1,no,southwest,4762.33
20,female,29.6,0,no,southwest,1875.34
55,male,35.2,1,no,northeast,11394.07
22,male,28.9,0,no,northeast,2250.84
23,female,28.0,0,no,southwest,13126.68
35,male,28.9,3,no,southwest,5926.85
60,male,37.0,0,no,northeast,12741.17
43,male,30.1,1,no,southwest,6849.03
42,male,37.2,2,no,southeast,7162.01
33,female,35.5,0,yes,northwest,55135.4
28,male,29.3,2,no,northeast,4438.26
21,male,20.2,3,no,northeast,3861.21
50,female,46.1,1,no,southeast,9549.57
36,female,29.9,1,no,southeast,5478.04
55,female,29.8,0,no,northeast,11286.54
54,male,31.6,0,no,southwest,9850.43
56,male,25.9,0,no,northeast,11165.42
45,female,25.7,3,no,southwest,9101.8
45,female,36.3,2,no,southeast,8527.53
62,female,36.9,1,no,northeast,31620.0
40,female,23.4,3,no,northeast,8252.28
46,female,33.7,1,no,northeast,8823.99
64,female,26.9,0,yes,northwest,29330.98
27,male,32.7,0,no,southeast,2497.04
42,female,26.2,1,no,southeast,7046.72
54,male,40.6,3,yes,northeast,48549.18
46,male,25.8,5,no,southwest,10096.97
24,female,30.1,3,no,southwest,4234.93
60,male,28.9,0,no,southwest,12146.97
28,female,23.8,2,no,northwest,4719.74
51,male,42.9,2,yes,southeast,47462.89
45,female,30.5,1,yes,northwest,39725.52
59,male,37.4,0,no,southwest,21797.0
19,male,20.7,0,no,southwest,1242.82
51,female,37.7,1,no,southeast,9877.61
42,female,26.6,0,yes,northwest,21348.71
37,female,26.4,0,yes,southeast,19539.24
57,male,28.1,0,no,southwest,10965.45
30,female,28.4,1,no,northwest,4527.18
23,male,24.5,0,no,northeast,2396.1
58,male,38.0,0,no,southwest,11365.95
27,female,25.2,0,no,northeast,3558.62
37,male,29.6,0,no,northwest,5028.15
19,female,28.4,1,no,southwest,2331.52
35,female,28.0,0,yes,northwest,20234.85
49,male,25.6,2,yes,southwest,23306.55
38,male,38.4,3,yes,southeast,41949.24
52,male,36.7,0,no,southwest,9144.57
63,male,41.3,3,no,northwest,15555.19
44,female,24.0,2,no,southeast,8211.1
52,male,41.8,2,yes,southeast,47269.85
35,male,34.8,2,no,northwest,5729.01
25,male,25.8,1,no,northeast,3309.79
60,female,30.5,0,no,southwest,12638.2
37,female,30.8,2,no,southeast,6313.76
37,female,47.6,2,yes,southwest,46113.51
54,female,27.6,1,no,northwest,11305.93
44,male,25.4,1,no,northwest,7518.03
18,male,35.2,1,no,southeast,1727.54
24,female,27.7,0,no,southeast,2464.62
35,male,27.6,1,no,southeast,4747.05
57,female,31.8,0,no,northwest,11842.62
32,male,28.9,1,yes,southeast,19719.69
46,male,33.4,1,no,northeast,8334.59
26,male,33.9,1,no,northwest,3292.53
28,male,24.0,3,yes,southeast,17663.14
39,male,28.3,1,yes,southwest,21082.16
57,female,28.7,0,no,southwest,11455.28
24,female,27.6,0,no,southwest,18955.22
53,female,33.3,0,no,northeast,10564.88
46,male,30.5,3,yes,northwest,40720.55
47,male,29.8,3,yes,southwest,25309.49
18,female,42.2,0,yes,southeast,38792.69
24,female,25.3,0,no,northeast,3044.21
48,female,36.6,0,no,northwest,8671.19
38,male,27.8,2,no,northwest,6455.86
23,male,26.5,0,no,southeast,1815.88
19,female,31.8,1,no,northwest,2719.28
30,male,38.8,1,no,southeast,18963.17
33,female,39.8,1,no,southeast,4795.66
38,male,34.7,2,no,southwest,6082.41
29,female,32.1,2,no,northwest,4922.92
19,male,34.1,0,no,southwest,1261.44
39,male,34.1,2,no,southeast,23563.02
62,male,32.1,0,no,northeast,13555.0
45,female,28.6,2,no,southeast,8516.83
28,female,33.4,0,no,southwest,3172.02
62,female,33.0,3,no,northwest,15612.19
42,female,29.0,1,no,southwest,7050.64
19,female,17.8,0,no,southwest,1727.79
48,male,30.8,3,no,northeast,10141.14
63,male,28.3,0,no,northwest,13770.1
48,female,25.9,3,yes,southeast,24180.93
19,male,34.9,0,yes,southwest,34828.65
63,male,21.7,1,no,northwest,14349.85
40,male,29.9,2,no,southwest,6600.36
62,male,30.0,0,no,northwest,13352.1
39,female,18.3,5,yes,southwest,19023.26
64,female,39.3,0,no,northeast,14901.52
27,female,30.4,3,no,northwest,18804.75
35,male,39.7,4,no,northeast,19496.72
49,female,27.1,1,no,southwest,26140.36
35,male,24.4,3,yes,southeast,19362.0
35,female,34.2,1,no,southeast,5245.23
47,male,25.4,1,yes,southeast,21978.68
58,male,32.0,1,no,southeast,11946.63
19,female,36.6,0,no,northwest,2136.88
54,female,46.7,2,no,southwest,11538.42
25,male,29.7,3,yes,southwest,19933.46
18,male,21.5,0,no,northeast,1702.46
26,male,17.7,0,no,northwest,2680.95
18,male,33.7,0,no,southeast,1136.4
37,male,24.3,2,no,northwest,6198.75
18,male,33.5,0,yes,northeast,34617.84
24,male,28.5,2,no,northwest,3537.7
54,female,23.0,3,no,southwest,12094.48
36,male,30.9,1,no,northwest,5373.36
58,female,28.2,0,no,northwest,12224.35
29,female,21.8,1,yes,northeast,16657.72
50,female,44.7,0,no,northeast,9541.7
47,male,36.1,1,yes,southeast,42211.14
39,male,29.9,1,yes,northeast,22462.04
39,male,24.5,2,no,northwest,6710.19
47,male,28.2,3,yes,northwest,24915.22
45,female,40.0,3,no,northeast,9704.67
40,male,26.3,1,no,northwest,6389.38
37,male,28.0,2,no,northwest,6203.9
53,female,26.6,0,no,northwest,10355.64
54,male,21.0,2,no,southeast,11013.71
49,female,34.8,1,no,northwest,9583.89
35,female,35.8,1,no,northwest,5630.46
55,female,29.7,2,no,southwest,11881.36
20,female,37.0,5,no,southwest,4830.63
22,female,30.4,0,no,northeast,2741.95
35,male,27.7,2,yes,northeast,20984.09
25,male,27.6,0,no,northwest,2523.17
31,female,36.6,2,no,southeast,4949.76
47,male,19.6,1,no,northwest,8428.07
18,female,33.9,0,no,southeast,11482.63
63,female,26.2,0,no,northwest,14256.19
18,female,24.1,1,no,southeast,2201.1
18,male,23.8,0,no,northeast,1705.62
50,male,31.0,3,no,northwest,10600.55
62,female,39.2,0,no,southeast,13470.8
41,female,31.0,0,no,southeast,6185.32
41,female,32.6,3,no,southwest,7954.52
57,male,29.0,0,yes,northeast,27218.44
54,male,30.8,1,yes,southeast,41999.52
59,female,27.7,3,no,southeast,14001.13
28,male,33.8,0,no,northwest,19673.34
19,male,28.4,1,no,southwest,1842.52
50,male,32.1,2,no,northeast,25333.33
52,female,24.1,1,yes,northwest,23887.66
53,female,32.3,2,no,northeast,29186.48
57,female,29.8,0,yes,southeast,27533.91
57,male,33.6,1,no,northwest,11945.13
43,male,32.6,2,no,southwest,7441.5
51,male,37.0,0,no,southwest,8798.59
22,female,36.0,0,no,southwest,2166.73
28,male,30.9,0,no,northwest,3062.51
47,male,19.2,1,no,northeast,8627.54
57,male,40.9,0,no,northeast,11566.3
58,male,28.6,0,no,northwest,11735.88
39,male,29.6,4,no,southwest,7512.27
59,female,23.7,0,yes,northwest,25678.78
28,female,25.8,0,no,southwest,3161.45
19,male,27.7,0,yes,southwest,16297.85
64,female,31.3,2,yes,southwest,47291.06
52,female,33.3,2,no,southwest,10806.84
35,female,38.1,2,no,northeast,24915.05
46,female,48.1,2,no,northeast,9432.93
44,female,38.1,0,yes,southeast,48885.14
56,male,26.7,1,yes,northwest,26109.33
40,male,29.4,1,no,northwest,6393.6
47,female,26.6,2,no,northeast,9715.84
40,female,41.4,1,no,northwest,28476.73
43,female,32.6,3,yes,southeast,40941.29
59,female,34.8,2,no,southwest,36910.61
19,female,28.6,5,no,southwest,4687.8
37,male,29.8,0,no,southwest,20420.6
30,female,33.3,1,no,southeast,4151.03
61,male,36.1,3,no,southwest,27941.29
62,female,26.3,0,yes,southeast,27808.73
42,male,24.9,0,no,southeast,5966.89
39,male,42.7,0,no,northeast,5757.41
57,female,31.2,0,yes,northwest,43578.94
35,male,34.3,3,no,southeast,5934.38
24,male,32.0,0,no,southeast,1981.58
42,female,32.9,0,no,northeast,7050.02
38,male,20.0,1,no,northwest,5855.9
42,female,25.3,1,no,southwest,7045.5
51,male,36.0,1,no,southeast,9386.16
27,male,30.5,0,no,southwest,2494.02
40,male,41.2,1,no,northeast,6610.11
56,female,41.9,0,no,southeast,11093.62
29,male,35.5,2,yes,southwest,44585.46
41,male,40.3,0,no,southeast,5709.16
44,male,31.4,1,yes,northeast,39556.49
59,female,32.1,3,no,southwest,14007.22
39,female,32.5,1,no,southwest,6238.3
56,male,20.0,0,yes,northeast,22412.65
24,male,40.2,0,yes,southeast,38126.25
59,female,26.5,0,no,northeast,12815.44
34,female,31.9,1,yes,northeast,37701.88
42,female,37.9,0,no,southwest,6474.01
28,male,23.8,2,no,southwest,3847.67
61,female,21.1,0,no,northwest,13415.04
35,female,43.3,2,no,southeast,5846.92
48,female,32.2,1,no,southeast,8871.15
45,male,22.9,0,yes,northeast,35069.37
44,male,32.0,2,no,northwest,8116.27
19,female,40.5,0,no,southwest,1759.34
50,male,25.4,2,no,northwest,30284.64
24,female,24.2,0,no,northwest,2842.76
56,male,33.6,0,yes,northwest,43921.18
40,male,25.0,2,no,southeast,6593.51
30,female,20.0,3,no,northwest,5693.43
27,male,18.9,3,no,northeast,4827.9
46,female,20.0,2,no,northwest,9193.84
26,male,32.9,2,yes,southwest,36085.22
32,female,24.6,0,yes,southwest,17496.31
58,female,33.4,0,no,northwest,12231.61
19,male,27.6,0,no,southwest,1252.41
34,male,27.8,1,yes,northwest,20009.63
19,male,19.8,0,no,southwest,1241.57
29,female,24.6,2,no,southwest,4529.48
18,female,27.3,3,yes,southeast,18223.45
61,male,23.7,0,no,northeast,13129.6
22,female,20.2,0,no,northwest,2527.82
36,female,22.1,3,no,northeast,7228.22
25,female,20.8,1,no,southwest,3208.79
63,male,31.4,0,no,northeast,13974.46
52,male,36.8,2,no,northwest,26467.1
41,male,34.2,2,no,northwest,7261.74
29,male,27.2,0,no,southwest,2866.09
27,female,36.1,0,yes,southeast,37133.9
37,female,34.8,2,yes,southwest,39836.52
40,male,22.7,2,no,northeast,7173.36
63,male,39.8,3,no,southwest,15170.07
38,female,34.8,2,no,southwest,6571.54
64,male,25.6,2,no,southwest,14988.43
53,female,24.8,1,no,northwest,10942.13
49,female,29.9,0,no,northwest,8988.16
19,male,33.1,0,no,southwest,23082.96
53,male,28.9,0,no,northwest,9869.81
39,male,32.3,2,no,southeast,6338.08
29,male,29.6,1,no,northeast,20277.81
18,male,31.7,2,yes,southeast,34303.17
38,female,40.2,0,no,southeast,5400.98
22,male,39.5,0,no,southwest,1682.6
45,male,30.4,0,yes,southeast,62592.87
48,male,37.3,2,no,southeast,8978.19
26,female,22.6,0,no,northwest,3176.82
64,male,34.5,0,no,southwest,13822.8
50,male,27.5,1,no,northeast,9617.66
39,female,22.8,3,no,northeast,7985.82
21,male,26.0,0,no,northeast,2102.26
38,female,20.0,2,no,northeast,7133.9
32,female,17.8,2,yes,northwest,32734.19
21,male,22.3,1,no,southwest,2103.08
23,male,17.4,1,no,northwest,2775.19
36,male,33.4,2,yes,southwest,38415.47
21,female,22.1,0,no,northeast,2585.85
56,male,32.1,1,no,northeast,11763.0
45,male,21.4,0,no,northwest,7222.79
48,male,29.7,0,no,southeast,7789.64
63,female,27.7,0,yes,northeast,29523.17
24,female,22.6,0,no,southwest,2457.5
54,female,47.4,0,yes,southeast,63770.43
54,male,30.2,0,no,northwest,10231.5
56,male,33.7,4,no,southeast,12949.16
41,male,35.8,1,yes,southeast,40273.65
44,male,34.3,1,no,southeast,7147.47
25,male,30.6,0,no,northeast,2727.4
22,male,28.3,1,no,northwest,2639.04
43,female,26.7,2,yes,southwest,22478.6
57,female,28.8,4,no,northeast,14394.4
30,female,22.9,1,no,northeast,4719.52
18,male,28.3,1,no,northeast,11272.33
46,male,40.4,2,no,northwest,8733.23
38,male,19.3,0,yes,southwest,15820.7
37,female,30.8,0,yes,northeast,37270.15
40,female,29.6,0,no,southwest,5910.94
31,male,27.6,2,no,northeast,5031.27
48,male,40.2,0,no,southeast,7804.16
60,male,28.6,0,no,northeast,30260.0
45,male,39.8,0,no,northeast,7448.4
53,female,28.1,3,no,southwest,11741.73
60,female,32.5,0,yes,southeast,45008.96
46,female,30.2,2,no,southwest,8825.09
55,male,32.8,0,no,northwest,10601.63
24,female,33.3,0,no,northwest,2855.44
56,female,27.2,0,no,southwest,11073.18
32,female,28.9,0,no,southeast,3972.92
33,female,32.9,2,no,southwest,5375.04
27,female,31.4,0,yes,southwest,34838.87
18,female,39.2,0,no,southeast,1633.04
50,female,33.7,4,no,southwest,11299.34
52,female,37.5,2,no,northwest,33471.97
22,female,24.3,0,no,southwest,2150.47
18,male,21.6,0,yes,northeast,13747.87
27,male,26.0,0,no,northeast,3070.81
42,male,36.0,2,no,southeast,7160.33
40,male,25.1,0,no,southeast,5415.66
19,male,35.5,0,no,northwest,1646.43
33,female,18.5,1,no,southwest,4766.02
