age,sex,bmi,children,smoker,region,expenses
19,male,35.5,0,no,northwest,1646.43
57,male,31.5,0,no,northwest,11353.23
51,male,37.0,0,no,southwest,8798.59
49,female,36.6,3,no,southeast,10381.48
21,male,22.3,1,no,southwest,2103.08
31,male,34.4,3,yes,northwest,38746.36
49,male,37.5,2,no,southeast,9304.7
56,female,28.6,0,no,northeast,11658.12
27,male,26.0,0,no,northeast,3070.81
37,female,26.4,0,yes,southeast,19539.24
60,female,24.5,0,no,southeast,12629.9
54,female,46.7,2,no,southwest,11538.42
39,male,32.3,2,no,southeast,6338.08
42,female,29.0,1,no,southwest,7050.64
18,male,34.4,0,no,southeast,1137.47
48,male,30.2,2,no,southwest,8968.33
33,male,22.7,0,no,northwest,21984.47
35,female,27.7,3,no,southwest,6414.18
59,female,36.5,1,no,southeast,28287.9
62,female,33.2,0,no,southwest,13462.52
52,male,33.3,0,no,northeast,9722.77
30,female,39.1,3,yes,southeast,40932.43
46,female,27.7,0,no,northwest,8026.67
50,male,26.6,0,no,southwest,8444.47
18,female,30.1,0,no,northeast,2203.47
41,male,28.4,1,no,northwest,6664.69
43,male,27.4,3,no,northeast,8606.22
48,female,33.3,0,no,southeast,8283.68
33,female,32.9,2,no,southwest,5375.04
30,male,25.5,0,no,northeast,3645.09
56,female,35.8,1,no,southwest,11674.13
34,male,27.0,2,no,southwest,11737.85
53,female,22.6,3,yes,northeast,24873.38
19,male,31.9,0,yes,northwest,33750.29
48,female,25.9,3,yes,southeast,24180.93
53,male,24.3,0,no,northwest,9863.47
30,male,35.3,0,yes,southwest,36837.47
21,male,25.7,4,yes,southwest,17942.11
58,female,39.1,0,no,southeast,11856.41
45,female,30.5,1,yes,northwest,39725.52
28,female,33.0,2,no,southeast,4349.46
58,male,34.4,0,no,northwest,11743.93
50,female,27.8,3,no,southeast,19749.38
59,male,37.1,1,no,southwest,12347.17
31,female,23.6,2,no,southwest,4931.65
60,male,28.6,0,no,northeast,30260.0
20,male,35.3,1,no,southeast,27724.29
28,male,31.7,0,yes,southeast,34672.15
51,female,18.1,0,no,northwest,9644.25
57,female,28.8,4,no,northeast,14394.4
61,male,31.6,0,no,southeast,12557.61
55,female,29.7,2,no,southwest,11881.36
24,male,23.7,0,no,northwest,2352.97
45,female,25.7,3,no,southwest,9101.8
18,male,27.4,1,yes,northeast,17178.68
32,female,44.2,0,no,southeast,3994.18
43,female,32.6,3,yes,southeast,40941.29
60,female,35.1,0,no,southwest,12644.59
23,female,24.2,2,no,northeast,22395.74
18,male,43.0,0,no,southeast,1149.4
29,female,35.5,0,no,southeast,3366.67
61,male,33.5,0,no,northeast,13143.34
23,female,28.5,1,yes,southeast,18328.24
23,female,28.1,0,no,northwest,2690.11
60,male,37.0,0,no,northeast,12741.17
48,male,32.3,1,no,northwest,8765.25
49,male,28.7,3,no,northwest,10264.44
57,female,24.0,1,no,southeast,22192.44
19,female,24.6,1,no,northwest,2709.24
24,female,20.5,0,yes,northeast,14571.89
52,male,34.5,3,yes,northwest,60021.4
31,female,38.1,1,yes,northeast,58571.07
19,female,28.9,0,no,southwest,1743.21
54,female,24.6,3,no,northwest,12479.71
62,male,30.0,0,no,northwest,13352.1
43,male,35.0,1,yes,northeast,41034.22
23,male,27.4,1,no,northwest,2789.06
29,male,27.9,0,no,southeast,2867.12
56,female,25.3,0,no,southwest,11070.54
50,female,26.2,2,no,northwest,10493.95
21,female,16.8,1,no,northeast,3167.46
55,female,33.5,2,no,northwest,12269.69
53,female,24.8,1,no,northwest,10942.13
24,male,29.3,0,no,southwest,1977.82
40,male,32.8,1,yes,northeast,39125.33
25,male,45.5,2,yes,southeast,42112.24
42,female,25.3,1,no,southwest,7045.5
44,female,43.9,2,yes,southeast,46200.99
49,female,33.3,2,no,northeast,10370.91
41,female,33.1,2,no,northwest,7749.16
35,female,28.0,0,yes,northwest,20234.85
49,female,23.8,3,yes,northeast,24106.91
60,male,33.1,3,no,southeast,13919.82
48,female,32.2,1,no,southeast,8871.15
19,male,22.6,0,no,northwest,1628.47
53,male,29.5,0,no,southeast,9487.64
51,female,25.8,1,no,southwest,9861.03
56,female,37.5,2,no,southeast,12265.51
58,female,36.5,0,no,northwest,12235.84
35,female,23.5,2,no,northeast,6402.29
57,male,34.0,0,no,northwest,11356.66
25,male,24.1,0,yes,northwest,15817.99
30,male,24.4,3,yes,southwest,18259.22
19,male,34.8,0,yes,southwest,34779.62
64,female,23.0,0,yes,southeast,27037.91
23,female,28.3,0,yes,northwest,18033.97
19,female,24.7,0,no,southwest,1737.38
45,male,30.2,1,no,southwest,7441.05
18,female,37.3,1,no,southeast,2219.45
55,female,29.8,0,no,northeast,11286.54
34,female,27.7,0,no,southeast,4415.16
26,female,29.9,2,no,southeast,3981.98
19,male,25.2,0,no,northwest,1632.04
63,male,41.3,3,no,northwest,15555.19
24,male,26.8,1,no,northwest,12609.89
19,male,28.7,0,no,southwest,1253.94
33,male,42.4,5,no,southwest,6666.24
63,female,25.1,0,no,northwest,14254.61
35,male,39.7,4,no,northeast,19496.72
20,female,31.9,0,no,northwest,2261.57
50,female,25.6,0,no,southwest,8932.08
48,male,35.6,4,no,northeast,10736.87
38,female,30.7,1,no,southeast,5976.83
46,male,22.3,0,no,southwest,7147.11
56,male,31.8,2,yes,southeast,43813.87
48,male,34.3,3,no,southwest,9563.03
55,female,25.4,3,no,northeast,13047.33
35,male,24.4,3,yes,southeast,19362.0
42,female,40.4,2,yes,southeast,43896.38
44,male,37.1,2,no,southwest,7740.34
18,male,38.2,0,yes,southeast,36307.8
19,male,20.9,1,no,southwest,1832.09
38,female,27.8,2,no,northeast,7144.86
33,male,35.8,1,yes,southeast,38282.75
46,male,27.6,0,no,southwest,24603.05
19,female,20.6,0,no,southwest,1731.68
19,male,25.6,0,no,northwest,1632.56
18,female,38.3,0,no,southeast,1631.82
52,female,18.3,0,no,northwest,9991.04
45,female,38.3,0,no,northeast,7935.29
62,female,31.7,0,no,northeast,14043.48
35,male,34.3,3,no,southeast,5934.38
34,male,25.3,2,yes,southeast,18972.5
64,female,36.0,0,no,southeast,14313.85
58,female,31.8,2,no,northeast,13607.37
55,male,27.6,0,no,northwest,10594.5
18,male,29.4,1,no,southeast,1719.44
41,female,32.6,3,no,southwest,7954.52
18,male,35.2,1,no,southeast,1727.54
37,female,23.4,2,no,northwest,6686.43
44,male,38.1,1,no,southeast,7152.67
26,male,30.9,2,no,northwest,3877.3
52,female,37.5,2,no,northwest,33471.97
55,female,32.4,1,no,northeast,11879.1
48,male,40.2,0,no,southeast,7804.16
42,male,26.9,0,no,southwest,5969.72
51,male,32.3,1,no,northeast,9964.06
51,male,27.7,1,no,northeast,9957.72
48,female,27.4,1,no,northeast,9447.38
23,male,34.4,0,no,southwest,1826.84
33,male,30.3,0,no,southeast,3704.35
64,male,37.0,2,yes,southeast,49577.66
58,male,32.0,1,no,southeast,11946.63
26,male,30.0,1,no,southwest,2904.09
32,female,33.2,3,no,northwest,6128.8
21,male,36.9,0,no,southeast,1534.3
36,male,35.2,1,yes,southeast,38709.18
54,male,29.2,1,no,southwest,10436.1
56,female,27.2,0,no,southwest,11073.18
36,female,27.7,0,no,northeast,5469.01
32,female,29.8,2,no,southwest,5152.13
28,female,34.8,0,no,northwest,3556.92
56,male,20.0,0,yes,northeast,22412.65
59,female,23.7,0,yes,northwest,25678.78
27,female,21.5,0,no,northwest,3353.47
38,female,27.3,1,no,northeast,6555.07
23,male,35.2,1,no,southwest,2416.96
59,female,32.4,3,no,northeast,14590.63
28,female,17.3,0,no,northeast,3732.63
35,female,43.3,2,no,southeast,5846.92
60,male,29.6,0,no,northeast,12731.0
61,female,22.0,0,no,northeast,13616.36
49,female,29.9,0,no,northwest,8988.16
42,female,41.3,1,no,northeast,7650.77
25,female,22.5,1,no,northwest,3594.17
27,male,29.2,0,yes,southeast,18246.5
22,female,28.1,0,no,southeast,2155.68
47,female,45.3,1,no,southeast,8569.86
46,male,19.9,0,no,northwest,7526.71
41,male,29.6,5,no,northeast,9222.4
61,male,32.3,2,no,northwest,14119.62
52,male,41.8,2,yes,southeast,47269.85
31,male,20.4,0,no,southwest,3260.2
19,female,24.5,1,no,northwest,2709.11
38,female,19.5,2,no,northwest,6933.24
51,female,20.6,0,no,southwest,9264.8
36,female,29.0,4,no,southeast,7243.81
19,female,35.2,0,no,northwest,2134.9
51,male,24.4,4,no,northwest,11520.1
46,female,28.1,1,no,southeast,8233.1
41,male,34.2,1,no,southeast,6289.75
41,female,37.1,2,no,southwest,7371.77
54,female,23.0,3,no,southwest,12094.48
39,male,34.1,2,no,southeast,23563.02
38,male,29.3,2,no,northwest,6457.84
18,female,26.7,0,no,southeast,1615.77
40,male,34.1,1,no,northeast,6600.21
42,female,26.2,1,no,southeast,7046.72
20,male,40.5,0,no,northeast,1984.45
57,female,28.7,0,no,southwest,11455.28
30,female,27.9,0,no,northeast,4137.52
53,female,22.9,1,yes,southeast,23244.79
24,male,33.6,4,no,northeast,17128.43
26,female,34.2,2,no,southwest,3987.93
32,male,35.2,2,no,southwest,4670.64
64,female,31.3,2,yes,southwest,47291.06
55,male,29.0,0,no,northeast,10796.35
22,female,31.0,3,yes,southeast,35595.59
18,male,33.7,0,no,southeast,1136.4
44,male,30.2,2,yes,southwest,38998.55
20,female,30.6,0,no,northeast,2459.72
53,male,20.9,0,yes,southeast,21195.82
55,female,32.8,2,no,northwest,12268.63
27,male,18.9,3,no,northeast,4827.9
19,male,27.8,0,no,northwest,1635.73
24,male,23.4,0,no,southwest,1969.61
32,female,29.7,0,no,northwest,4357.04
23,female,33.4,0,no,southwest,10795.94
19,female,28.3,0,yes,southwest,17081.08
63,female,36.9,0,no,southeast,13887.97
21,female,33.6,2,no,northwest,3579.83
59,female,27.8,3,no,southeast,14001.29
51,male,42.9,2,yes,southeast,47462.89
34,female,19.0,3,no,northeast,6753.04
54,female,28.9,2,no,northeast,12096.65
55,male,29.9,0,no,southwest,10214.64
30,male,23.0,2,yes,northwest,17361.77
19,male,30.6,0,no,northwest,1639.56
46,male,39.4,1,no,northeast,8342.91
32,male,30.0,1,no,southeast,4074.45
47,male,47.5,1,no,southeast,8083.92
21,female,39.5,0,no,southeast,2026.97
62,female,36.9,1,no,northeast,31620.0
24,male,32.0,0,no,southeast,1981.58
55,male,33.0,0,no,southeast,20781.49
52,male,24.3,3,yes,northeast,24869.84
43,male,35.3,2,no,southeast,18806.15
47,female,32.0,1,no,southwest,8551.35
25,female,32.2,1,no,southeast,18218.16
64,male,37.9,0,no,northwest,14210.54
53,female,37.4,1,no,northwest,10959.69
31,male,26.9,1,no,northeast,4441.21
60,male,25.7,0,no,southeast,12142.58
51,male,33.3,3,no,southeast,10560.49
26,male,29.5,0,no,northeast,2897.32
22,female,39.8,0,no,northeast,2755.02
18,male,33.5,0,yes,northeast,34617.84
40,female,28.1,1,yes,northeast,22331.57
19,male,20.4,0,no,northwest,1625.43
61,female,36.4,1,yes,northeast,48517.56
44,female,29.8,2,no,southeast,8219.2
42,male,26.3,1,no,northwest,6940.91
46,female,33.4,1,no,southeast,8240.59
39,male,35.3,2,yes,southwest,40103.89
44,female,39.0,0,yes,northwest,42983.46
47,male,38.9,2,yes,southeast,44202.65
19,female,36.6,0,no,northwest,2136.88
35,female,26.1,0,no,northeast,5227.99
53,female,26.6,0,no,northwest,10355.64
53,male,21.4,1,no,southwest,10065.41
18,male,37.3,0,no,southeast,1141.45
60,female,24.0,0,no,northwest,13012.21
45,male,33.7,1,no,southwest,7445.92
43,male,30.1,3,no,northwest,8410.05
40,male,32.3,2,no,northwest,6986.7
59,female,36.8,1,yes,northeast,47896.79
37,male,29.8,2,no,northeast,6406.41
33,female,22.1,1,no,northeast,5354.07
19,female,28.3,0,yes,northwest,17468.98
33,female,19.1,2,yes,northeast,16776.3
19,male,27.6,0,no,southwest,1252.41
45,female,36.3,2,no,southeast,8527.53
33,male,27.5,2,no,northwest,5261.47
20,male,32.4,1,no,northwest,2362.23
46,female,30.8,3,no,southwest,9414.92
50,female,31.6,2,no,southwest,10118.42
57,female,38.0,2,no,southwest,12646.21
47,female,33.3,0,no,northeast,20878.78
25,female,30.3,0,no,southwest,2632.99
38,male,28.0,1,no,northeast,6067.13
55,female,30.5,0,no,southwest,10704.47
64,male,24.7,1,no,northwest,30166.62
64,male,40.5,0,no,southeast,13831.12
53,male,28.9,0,no,northwest,9869.81
23,female,34.9,0,no,northeast,2899.49
43,female,26.9,0,yes,northwest,21774.32
42,female,32.9,0,no,northeast,7050.02
26,female,29.6,4,no,northeast,24671.66
25,female,23.5,0,no,northeast,3206.49
40,female,25.5,1,no,northeast,7077.19
38,male,28.3,1,no,southeast,5484.47
45,male,20.4,3,no,southeast,8605.36
29,female,31.2,0,no,northeast,3943.6
41,female,32.2,1,no,southwest,6775.96
29,female,32.1,2,no,northwest,4922.92
36,male,28.0,1,yes,northeast,20773.63
36,female,25.8,0,no,northwest,5266.37
28,female,26.5,2,no,southeast,4340.44
18,male,30.1,0,no,southeast,1131.51
38,male,16.8,2,no,northeast,6640.54
31,female,36.6,2,no,southeast,4949.76
20,male,29.7,0,no,northwest,1769.53
38,male,19.3,0,yes,southwest,15820.7
24,female,39.5,0,no,southeast,2480.98
36,male,29.7,0,no,southeast,4399.73
64,male,34.5,0,no,southwest,13822.8
60,female,18.3,0,no,northeast,13204.29
49,male,31.4,1,no,northeast,9290.14
63,female,31.8,0,no,southwest,13880.95
48,female,41.2,4,no,northwest,11033.66
51,female,40.7,0,no,northeast,9875.68
18,male,17.3,2,yes,northeast,12829.46
29,female,29.6,1,no,southeast,3947.41
41,female,31.6,1,no,northeast,7358.18
57,female,23.2,0,no,northwest,11830.61
27,male,45.9,2,no,southwest,3693.43
59,female,26.7,3,no,northwest,14382.71
40,male,25.0,2,no,southeast,6593.51
28,male,22.5,2,no,northeast,4428.89
47,female,27.8,0,yes,southeast,23065.42
58,female,32.4,1,no,northeast,13019.16
58,male,38.0,0,no,southwest,11365.95
52,female,30.9,0,no,northeast,23045.57
22,male,28.9,0,no,northeast,2250.84
44,male,29.7,2,no,northeast,32108.66
28,female,25.8,0,no,southwest,3161.45
21,male,25.7,2,no,northeast,3279.87
41,male,40.3,0,no,southeast,5709.16
63,male,33.7,3,no,southeast,15161.53
64,male,26.4,0,no,northeast,14394.56
47,male,36.2,0,yes,southeast,41676.08
19,female,32.1,0,no,northwest,2130.68
41,male,35.8,1,yes,southeast,40273.65
26,male,23.7,2,no,southwest,3484.33
42,female,29.5,2,no,southeast,7640.31
25,male,33.3,2,yes,southeast,36124.57
32,male,27.8,1,no,northwest,4454.4
19,female,25.7,1,no,northwest,2710.83
23,female,39.3,2,no,southeast,3500.61
55,female,37.1,0,no,southwest,10713.64
26,male,17.7,0,no,northwest,2680.95
18,female,40.2,0,no,northeast,2217.47
50,female,23.5,2,no,southeast,10107.22
43,female,46.2,0,yes,southeast,45863.21
19,male,26.0,1,yes,northwest,16450.89
40,male,30.9,4,no,northwest,8162.72
54,female,31.2,0,no,southeast,10338.93
63,female,27.7,0,yes,northeast,29523.17
49,female,42.7,2,no,southeast,9800.89
25,male,27.6,0,no,northwest,2523.17
28,female,28.9,1,no,northeast,4337.74
49,female,23.2,2,no,northwest,10156.78
46,female,48.1,2,no,northeast,9432.93
46,female,30.2,2,no,southwest,8825.09
34,female,33.7,1,no,southwest,5012.47
44,male,32.0,2,no,northwest,8116.27
28,male,36.4,1,yes,southwest,51194.56
45,male,22.9,2,yes,northwest,21098.55
39,male,24.5,2,no,northwest,6710.19
48,male,24.4,0,yes,southeast,21223.68
52,male,27.4,0,yes,northwest,24393.62
53,male,41.5,0,no,southeast,9504.31
41,male,33.6,0,no,southeast,5699.84
50,female,27.4,0,no,northeast,25656.58
38,male,21.1,3,no,southeast,6652.53
49,male,32.3,3,no,northwest,10269.46
62,female,30.5,2,no,northwest,15019.76
22,female,30.4,0,no,northeast,2741.95
37,male,46.5,3,no,southeast,6435.62
58,male,30.3,0,no,northeast,11938.26
41,male,34.2,2,no,northwest,7261.74
32,female,24.6,0,yes,southwest,17496.31
19,female,30.0,0,yes,northwest,33307.55
42,male,28.3,3,yes,northwest,32787.46
48,male,36.7,1,no,northwest,28468.92
53,female,38.1,3,no,southeast,20463.0
61,male,43.4,0,no,southwest,12574.05
29,female,26.0,0,no,northwest,3736.46
33,female,39.8,1,no,southeast,4795.66
57,female,20.1,1,no,southwest,12032.33
36,male,34.4,0,yes,southeast,37742.58
62,male,30.9,3,yes,northwest,46718.16
46,male,33.3,1,no,northeast,8334.46
47,male,36.1,1,yes,southeast,42211.14
19,male,34.9,0,yes,southwest,34828.65
43,female,25.3,1,yes,northeast,21771.34
45,female,25.2,2,no,northeast,9095.07
57,male,40.9,0,no,northeast,11566.3
20,female,33.3,0,no,southwest,1880.49
20,female,28.8,0,no,northeast,2457.21
26,male,27.1,0,yes,southeast,17043.34
49,female,27.1,1,no,southwest,26140.36
